page_num,slug,type,title,filename,actual_resolution,status
4,small-plates-bar-bites-2,content,Small Plates & Bar Bites,04-small-plates-bar-bites-2.png,1792x2400,ok
7,chaat-fast-sellers-1,content,Chaat & Fast Sellers,07-chaat-fast-sellers-1.png,1792x2400,ok
8,chaat-fast-sellers-2,content,Chaat & Fast Sellers,08-chaat-fast-sellers-2.png,1792x2400,ok
10,divider-tandoor,hero,divider-tandoor,10-divider-tandoor.png,1792x2400,ok
14,main-curries-1,content,Main Curries,14-main-curries-1.png,1792x2400,ok
18,main-curries-5,content,Main Curries,18-main-curries-5.png,1792x2400,ok
22,divider-rice,hero,divider-rice,22-divider-rice.png,1792x2400,ok
8,chaat-fast-sellers-2,content,Chaat & Fast Sellers,08-chaat-fast-sellers-2.png,1792x2400,ok
18,main-curries-5,content,Main Curries,18-main-curries-5.png,1792x2400,ok
