dish_name,category,price_vnd_k,filename,prompt_used,actual_resolution,status
French Fries,Small Plates & Bar Bites,125,small-plates-bar-bites/french-fries.png,"A premium editorial food photograph of French Fries: crispy golden fries seasoned with sea salt A generous, abundant heap of fries piled high and spread across the plate exactly as full and wide as a portion of peri peri fries, light dusting of sea salt flakes. The sauce well is filled with plain tomato ketchup only — no aioli, no other dip. Presented on a matte white/off-white ceramic oval plate (NOT dark, NOT black, NOT charcoal - the plate itself is white/cream colored) with a small built-in triangular sauce well on one side holding a matching chutney or dip, exactly like the reference plate provided. Bright, premium, LIGHT and WHITE studio background: clean white seamless backdrop, soft even studio lighting, minimal soft shadow, high-end editorial food/product photography look. Shallow depth of field, tack-sharp focus on the food with a softly blurred background. Natural, fresh garnish exactly as described. No text, no logos, no hands, no plate labels, no watermarks. Photorealistic, professional restaurant menu photography, ultra-detailed, 2K quality.",2438x1728,ok
Peri Peri Fries,Small Plates & Bar Bites,135,small-plates-bar-bites/peri-peri-fries.png,"A premium editorial food photograph of Peri Peri Fries: crispy fries tossed in spicy peri peri seasoning A generous, abundant heap of fries with a vivid red-orange peri peri dusting, piled high and spread across the plate, sauce well filled with a creamy dip, fresh curry leaf garnish. Presented on a matte white/off-white ceramic oval plate (NOT dark, NOT black, NOT charcoal - the plate itself is white/cream colored) with a small built-in triangular sauce well on one side holding a matching chutney or dip, exactly like the reference plate provided. Bright, premium, LIGHT and WHITE studio background: clean white seamless backdrop, soft even studio lighting, minimal soft shadow, high-end editorial food/product photography look. Shallow depth of field, tack-sharp focus on the food with a softly blurred background. Natural, fresh garnish exactly as described. No text, no logos, no hands, no plate labels, no watermarks. Photorealistic, professional restaurant menu photography, ultra-detailed, 2K quality.",2438x1728,ok
Masala Peanut Bowl,Small Plates & Bar Bites,75,small-plates-bar-bites/masala-peanut-bowl.png,"A premium editorial food photograph of Masala Peanut Bowl: roasted peanuts tossed with curry leaves and aromatic spices Glossy roasted peanuts flecked with crispy fried curry leaves and mustard seeds, generously filling the bowl. No sauce, no dip, no lemon wedge. Presented in a small plain matte white ceramic bowl, round with a simple smooth rim and no handles — a plain, unadorned small white bowl, exactly like a simple everyday side-dish bowl (NOT the speckled cream two-handled bowl used for other dishes). Bright, premium, LIGHT and WHITE studio background: clean white seamless backdrop, soft even studio lighting, minimal soft shadow, high-end editorial food/product photography look. Shallow depth of field, tack-sharp focus on the food with a softly blurred background. Natural, fresh garnish exactly as described. No text, no logos, no hands, no plate labels, no watermarks. Photorealistic, professional restaurant menu photography, ultra-detailed, 2K quality.",2816x1536,ok
Crispy Bhindi,Small Plates & Bar Bites,149,small-plates-bar-bites/crispy-bhindi.png,"A premium editorial food photograph of Crispy Bhindi: crispy finger-cut okra strips coated in light besan batter, deep-fried to golden perfection Thin golden okra strips piled loosely for height and crunch, a few whole dried red chillies scattered nearby. No sauce, no dip of any kind — the plate is plain with no built-in well. Presented on a plain matte white/cream ceramic oval plate (NOT dark, NOT black, NOT charcoal - the plate itself is white/cream colored) with a subtle organic hand-thrown rim texture, exactly like the reference plate provided. Bright, premium, LIGHT and WHITE studio background: clean white seamless backdrop, soft even studio lighting, minimal soft shadow, high-end editorial food/product photography look. Shallow depth of field, tack-sharp focus on the food with a softly blurred background. Natural, fresh garnish exactly as described. No text, no logos, no hands, no plate labels, no watermarks. Photorealistic, professional restaurant menu photography, ultra-detailed, 2K quality.",2268x1856,ok (pre-existing)
Samosa with Mint Chutney,Small Plates & Bar Bites,119,small-plates-bar-bites/samosa-with-mint-chutney.png,"A premium editorial food photograph of Samosa with Mint Chutney: spiced potato pastry served with fresh mint chutney Two large, generously sized golden triangular samosas with visible flaky layers, sauce well filled with vivid green mint chutney. Presented on a matte white/off-white ceramic oval plate (NOT dark, NOT black, NOT charcoal - the plate itself is white/cream colored) with a small built-in triangular sauce well on one side holding a matching chutney or dip, exactly like the reference plate provided. Bright, premium, LIGHT and WHITE studio background: clean white seamless backdrop, soft even studio lighting, minimal soft shadow, high-end editorial food/product photography look. Shallow depth of field, tack-sharp focus on the food with a softly blurred background. Natural, fresh garnish exactly as described. No text, no logos, no hands, no plate labels, no watermarks. Photorealistic, professional restaurant menu photography, ultra-detailed, 2K quality.",2438x1728,ok
Hara Bhara Kebab,Small Plates & Bar Bites,165,small-plates-bar-bites/hara-bhara-kebab.png,"A premium editorial food photograph of Hara Bhara Kebab: spinach and pea kebabs served with mint chutney Large, generously sized deep green herbed kebab patties with a lightly charred crust, thin red onion rings on the side, sauce well filled with mint chutney. Presented on a matte white/off-white ceramic oval plate (NOT dark, NOT black, NOT charcoal - the plate itself is white/cream colored) with a small built-in triangular sauce well on one side holding a matching chutney or dip, exactly like the reference plate provided. Bright, premium, LIGHT and WHITE studio background: clean white seamless backdrop, soft even studio lighting, minimal soft shadow, high-end editorial food/product photography look. Shallow depth of field, tack-sharp focus on the food with a softly blurred background. Natural, fresh garnish exactly as described. No text, no logos, no hands, no plate labels, no watermarks. Photorealistic, professional restaurant menu photography, ultra-detailed, 2K quality.",2438x1728,ok
Chilli Paneer,Small Plates & Bar Bites,199,small-plates-bar-bites/chilli-paneer.png,"A premium editorial food photograph of Chilli Paneer: cottage cheese cubes tossed in a spicy Indo-Chinese chilli sauce with bell peppers, onions and spring onions A generous, abundant portion filling the bowl completely: glossy red-brown sauce coating golden-fried paneer cubes with vivid red and green bell pepper pieces and scattered spring onion. Presented in a round shallow ceramic bowl with a warm cream/tan speckled glaze, a wide flared rim, and two small integrated loop handles on opposite sides (a compact rounded serving bowl, approximately 19.5cm wide across the handles, 16cm bowl diameter, 5.5cm tall). No sauce well, no dip, no side sauce of any kind — the dish itself is glossy and saucy, served with nothing extra beside it. Bright, premium, LIGHT and WHITE studio background: clean white seamless backdrop, soft even studio lighting, minimal soft shadow, high-end editorial food/product photography look. Shallow depth of field, tack-sharp focus on the food with a softly blurred background. Natural, fresh garnish exactly as described. No text, no logos, no hands, no plate labels, no watermarks. Photorealistic, professional restaurant menu photography, ultra-detailed, 2K quality.",2816x1536,ok
Paneer 65,Small Plates & Bar Bites,199,small-plates-bar-bites/paneer-65.png,"A premium editorial food photograph of Paneer 65: crispy cottage cheese tossed with curry leaves, garlic and South Indian spices A generous, abundant portion filling the bowl completely: bright red-orange crispy paneer cubes flecked with fried curry leaves and garlic slivers. Presented in a round shallow ceramic bowl with a warm cream/tan speckled glaze, a wide flared rim, and two small integrated loop handles on opposite sides (a compact rounded serving bowl, approximately 19.5cm wide across the handles, 16cm bowl diameter, 5.5cm tall). No sauce well, no dip, no side sauce of any kind — the dish itself is glossy and saucy, served with nothing extra beside it. Bright, premium, LIGHT and WHITE studio background: clean white seamless backdrop, soft even studio lighting, minimal soft shadow, high-end editorial food/product photography look. Shallow depth of field, tack-sharp focus on the food with a softly blurred background. Natural, fresh garnish exactly as described. No text, no logos, no hands, no plate labels, no watermarks. Photorealistic, professional restaurant menu photography, ultra-detailed, 2K quality.",2816x1536,ok
Honey Chilli Potato,Small Plates & Bar Bites,150,small-plates-bar-bites/honey-chilli-potato.png,"A premium editorial food photograph of Honey Chilli Potato: crispy potato fingers tossed in honey, chilli and aromatic spices A generous, large portion mounded high and filling the bowl completely: glossy honey-glazed potato fingers with sesame seeds and scattered spring onion. Presented in a round shallow ceramic bowl with a warm cream/tan speckled glaze, a wide flared rim, and two small integrated loop handles on opposite sides (a compact rounded serving bowl, approximately 19.5cm wide across the handles, 16cm bowl diameter, 5.5cm tall). No sauce well, no dip, no side sauce of any kind — the dish itself is glossy and saucy, served with nothing extra beside it. Bright, premium, LIGHT and WHITE studio background: clean white seamless backdrop, soft even studio lighting, minimal soft shadow, high-end editorial food/product photography look. Shallow depth of field, tack-sharp focus on the food with a softly blurred background. Natural, fresh garnish exactly as described. No text, no logos, no hands, no plate labels, no watermarks. Photorealistic, professional restaurant menu photography, ultra-detailed, 2K quality.",2816x1536,ok
Gobhi 65,Small Plates & Bar Bites,165,small-plates-bar-bites/gobhi-65.png,"A premium editorial food photograph of Gobhi 65: crispy cauliflower florets tossed with aromatic spices and curry leaves Bright red-orange crispy cauliflower florets flecked with fried curry leaves. Presented in a round shallow ceramic bowl with a warm cream/tan speckled glaze, a wide flared rim, and two small integrated loop handles on opposite sides (a compact rounded serving bowl, approximately 19.5cm wide across the handles, 16cm bowl diameter, 5.5cm tall). No sauce well, no dip, no side sauce of any kind — the dish itself is glossy and saucy, served with nothing extra beside it. Bright, premium, LIGHT and WHITE studio background: clean white seamless backdrop, soft even studio lighting, minimal soft shadow, high-end editorial food/product photography look. Shallow depth of field, tack-sharp focus on the food with a softly blurred background. Natural, fresh garnish exactly as described. No text, no logos, no hands, no plate labels, no watermarks. Photorealistic, professional restaurant menu photography, ultra-detailed, 2K quality.",2816x1536,ok (pre-existing)
Veg Manchurian (Dry),Small Plates & Bar Bites,195,small-plates-bar-bites/veg-manchurian-dry.png,"A premium editorial food photograph of Veg Manchurian (Dry): crispy vegetable balls tossed with garlic, peppers and a savoury sauce Glossy dark-glazed vegetable balls with diced bell pepper and spring onion. Presented in a round shallow ceramic bowl with a warm cream/tan speckled glaze, a wide flared rim, and two small integrated loop handles on opposite sides (a compact rounded serving bowl, approximately 19.5cm wide across the handles, 16cm bowl diameter, 5.5cm tall). No sauce well, no dip, no side sauce of any kind — the dish itself is glossy and saucy, served with nothing extra beside it. Bright, premium, LIGHT and WHITE studio background: clean white seamless backdrop, soft even studio lighting, minimal soft shadow, high-end editorial food/product photography look. Shallow depth of field, tack-sharp focus on the food with a softly blurred background. Natural, fresh garnish exactly as described. No text, no logos, no hands, no plate labels, no watermarks. Photorealistic, professional restaurant menu photography, ultra-detailed, 2K quality.",2816x1536,ok (pre-existing)
Hakka Noodles,Small Plates & Bar Bites,180,small-plates-bar-bites/hakka-noodles.png,"A premium editorial food photograph of Hakka Noodles: stir-fried noodles with fresh vegetables, garlic and aromatic seasoning Glossy stir-fried noodles tangled with julienned carrot, cabbage and bell pepper. Presented in a round shallow ceramic bowl with a warm cream/tan speckled glaze, a wide flared rim, and two small integrated loop handles on opposite sides (a compact rounded serving bowl, approximately 19.5cm wide across the handles, 16cm bowl diameter, 5.5cm tall). No sauce well, no dip, no side sauce of any kind — the dish itself is glossy and saucy, served with nothing extra beside it. Bright, premium, LIGHT and WHITE studio background: clean white seamless backdrop, soft even studio lighting, minimal soft shadow, high-end editorial food/product photography look. Shallow depth of field, tack-sharp focus on the food with a softly blurred background. Natural, fresh garnish exactly as described. No text, no logos, no hands, no plate labels, no watermarks. Photorealistic, professional restaurant menu photography, ultra-detailed, 2K quality.",2816x1536,ok (pre-existing)
Chicken 65,Small Plates & Bar Bites,220,small-plates-bar-bites/chicken-65.png,"A premium editorial food photograph of Chicken 65: crispy fried chicken tossed with curry leaves, garlic and aromatic South Indian spices Deep red crispy chicken pieces flecked with fried curry leaves and garlic slivers. Presented in a round shallow ceramic bowl with a warm cream/tan speckled glaze, a wide flared rim, and two small integrated loop handles on opposite sides (a compact rounded serving bowl, approximately 19.5cm wide across the handles, 16cm bowl diameter, 5.5cm tall). No sauce well, no dip, no side sauce of any kind — the dish itself is glossy and saucy, served with nothing extra beside it. Bright, premium, LIGHT and WHITE studio background: clean white seamless backdrop, soft even studio lighting, minimal soft shadow, high-end editorial food/product photography look. Shallow depth of field, tack-sharp focus on the food with a softly blurred background. Natural, fresh garnish exactly as described. No text, no logos, no hands, no plate labels, no watermarks. Photorealistic, professional restaurant menu photography, ultra-detailed, 2K quality.",2816x1536,ok (pre-existing)
Chilli Chicken,Small Plates & Bar Bites,220,small-plates-bar-bites/chilli-chicken.png,"A premium editorial food photograph of Chilli Chicken: crispy chicken tossed in a bold chilli sauce A generous, abundant portion filling the bowl completely and mounded high: glossy dark-red sauced chicken pieces with charred bell pepper and onion petals. Presented in a round shallow ceramic bowl with a warm cream/tan speckled glaze, a wide flared rim, and two small integrated loop handles on opposite sides (a compact rounded serving bowl, approximately 19.5cm wide across the handles, 16cm bowl diameter, 5.5cm tall). No sauce well, no dip, no side sauce of any kind — the dish itself is glossy and saucy, served with nothing extra beside it. Bright, premium, LIGHT and WHITE studio background: clean white seamless backdrop, soft even studio lighting, minimal soft shadow, high-end editorial food/product photography look. Shallow depth of field, tack-sharp focus on the food with a softly blurred background. Natural, fresh garnish exactly as described. No text, no logos, no hands, no plate labels, no watermarks. Photorealistic, professional restaurant menu photography, ultra-detailed, 2K quality.",2816x1536,ok
Butter Garlic Prawns,Small Plates & Bar Bites,250,small-plates-bar-bites/butter-garlic-prawns.png,"A premium editorial food photograph of Butter Garlic Prawns: juicy prawns sauteed with garlic, herbs and butter A generous, abundant portion of large plump pink-orange prawns glistening in garlic butter, filling the plate, with visible garlic slivers and chopped parsley, sauce well filled with a lemon wedge. Presented on a matte white/off-white ceramic oval plate (NOT dark, NOT black, NOT charcoal - the plate itself is white/cream colored) with a small built-in triangular sauce well on one side holding a matching chutney or dip, exactly like the reference plate provided. Bright, premium, LIGHT and WHITE studio background: clean white seamless backdrop, soft even studio lighting, minimal soft shadow, high-end editorial food/product photography look. Shallow depth of field, tack-sharp focus on the food with a softly blurred background. Natural, fresh garnish exactly as described. No text, no logos, no hands, no plate labels, no watermarks. Photorealistic, professional restaurant menu photography, ultra-detailed, 2K quality.",2438x1728,ok
Fish Amritsari,Small Plates & Bar Bites,245,small-plates-bar-bites/fish-amritsari.png,"A premium editorial food photograph of Fish Amritsari: crispy fish fingers coated in gram flour and Amritsari spices Golden-battered fish fingers stacked neatly, thin red onion rings and a lemon wedge beside them, sauce well filled with mint chutney. Presented on a matte white/off-white ceramic oval plate (NOT dark, NOT black, NOT charcoal - the plate itself is white/cream colored) with a small built-in triangular sauce well on one side holding a matching chutney or dip, exactly like the reference plate provided. Bright, premium, LIGHT and WHITE studio background: clean white seamless backdrop, soft even studio lighting, minimal soft shadow, high-end editorial food/product photography look. Shallow depth of field, tack-sharp focus on the food with a softly blurred background. Natural, fresh garnish exactly as described. No text, no logos, no hands, no plate labels, no watermarks. Photorealistic, professional restaurant menu photography, ultra-detailed, 2K quality.",2438x1728,ok (pre-existing)
Masala Papad,Chaat & Fast Sellers,55,chaat-fast-sellers/masala-papad.png,"A premium editorial food photograph of Masala Papad: crispy papad topped with onion, tomato and fresh herbs A large thin crisp papad generously topped with finely diced onion, tomato and cilantro, sauce well filled with mint chutney. Presented on a matte white/off-white ceramic oval plate (NOT dark, NOT black, NOT charcoal - the plate itself is white/cream colored) with a small built-in triangular sauce well on one side holding a matching chutney or dip, exactly like the reference plate provided. Bright, premium, LIGHT and WHITE studio background: clean white seamless backdrop, soft even studio lighting, minimal soft shadow, high-end editorial food/product photography look. Shallow depth of field, tack-sharp focus on the food with a softly blurred background. Natural, fresh garnish exactly as described. No text, no logos, no hands, no plate labels, no watermarks. Photorealistic, professional restaurant menu photography, ultra-detailed, 2K quality.",2438x1728,ok (pre-existing)
Pani Puri Shots,Chaat & Fast Sellers,90,chaat-fast-sellers/pani-puri-shots.png,"A premium editorial food photograph of Pani Puri Shots: crispy puris served with tangy flavored waters and chutneys Each round well of the tray holds a small clear glass filled with tangy flavored pani puri water, alternating vivid mint-green and tamarind-brown, with a few round hollow crisp puris filled with mashed potato and chickpeas arranged on a small plate beside the tray. Shot from a angle that keeps the ENTIRE tray and every single glass fully inside the frame with comfortable empty margin on all four sides — zoom out enough that nothing is cropped, no glass or end of the tray touches or crosses the edge of the photo. Presented on a curved dark walnut wooden serving tray with a row of round drilled wells, each well holding one small clear glass upright, exactly like the reference tray provided. Bright, premium, LIGHT and WHITE studio background: clean white seamless backdrop, soft even studio lighting, minimal soft shadow, high-end editorial food/product photography look. Shallow depth of field, tack-sharp focus on the food with a softly blurred background. Natural, fresh garnish exactly as described. No text, no logos, no hands, no plate labels, no watermarks. Photorealistic, professional restaurant menu photography, ultra-detailed, 2K quality.",2476x1696,ok
Dahi Papdi Chaat,Chaat & Fast Sellers,150,chaat-fast-sellers/dahi-papdi-chaat.png,"A premium editorial food photograph of Dahi Papdi Chaat: crispy wafers topped with yogurt, chutneys and spices Crisp round papdi wafers layered under a generous swirl of thick white yogurt, drizzled with tamarind and mint chutneys and dusted with spice, sauce well filled with extra chutney. Presented on a matte white/off-white ceramic oval plate (NOT dark, NOT black, NOT charcoal - the plate itself is white/cream colored) with a small built-in triangular sauce well on one side holding a matching chutney or dip, exactly like the reference plate provided. Bright, premium, LIGHT and WHITE studio background: clean white seamless backdrop, soft even studio lighting, minimal soft shadow, high-end editorial food/product photography look. Shallow depth of field, tack-sharp focus on the food with a softly blurred background. Natural, fresh garnish exactly as described. No text, no logos, no hands, no plate labels, no watermarks. Photorealistic, professional restaurant menu photography, ultra-detailed, 2K quality.",2438x1728,ok (pre-existing)
Aloo Tikki Chaat,Chaat & Fast Sellers,155,chaat-fast-sellers/aloo-tikki-chaat.png,"A premium editorial food photograph of Aloo Tikki Chaat: crispy potato patties topped with yogurt and chutneys Golden-crusted potato patties topped with thick yogurt, tamarind and mint chutney swirls and a few chickpeas, sauce well filled with extra chutney. Presented on a matte white/off-white ceramic oval plate (NOT dark, NOT black, NOT charcoal - the plate itself is white/cream colored) with a small built-in triangular sauce well on one side holding a matching chutney or dip, exactly like the reference plate provided. Bright, premium, LIGHT and WHITE studio background: clean white seamless backdrop, soft even studio lighting, minimal soft shadow, high-end editorial food/product photography look. Shallow depth of field, tack-sharp focus on the food with a softly blurred background. Natural, fresh garnish exactly as described. No text, no logos, no hands, no plate labels, no watermarks. Photorealistic, professional restaurant menu photography, ultra-detailed, 2K quality.",2438x1728,ok (pre-existing)
Papad,Chaat & Fast Sellers,45,chaat-fast-sellers/papad.png,"A premium editorial food photograph of Papad: crispy lentil wafers served as a light and crunchy starter A single large thin golden roasted lentil papad with a light cracked texture, sauce well filled with mint chutney. Presented on a matte white/off-white ceramic oval plate (NOT dark, NOT black, NOT charcoal - the plate itself is white/cream colored) with a small built-in triangular sauce well on one side holding a matching chutney or dip, exactly like the reference plate provided. Bright, premium, LIGHT and WHITE studio background: clean white seamless backdrop, soft even studio lighting, minimal soft shadow, high-end editorial food/product photography look. Shallow depth of field, tack-sharp focus on the food with a softly blurred background. Natural, fresh garnish exactly as described. No text, no logos, no hands, no plate labels, no watermarks. Photorealistic, professional restaurant menu photography, ultra-detailed, 2K quality.",2438x1728,ok (pre-existing)
Green Salad,Chaat & Fast Sellers,100,chaat-fast-sellers/green-salad.png,"A premium editorial food photograph of Green Salad: fresh and crisp salad with cucumbers, tomatoes, onions and carrots A generous, abundant, colorful pile heaped high — crisp cucumber rounds, tomato wedges, thin red onion rings and julienned carrot, filling the bowl completely, looking fresh and luscious. No chutney, no dressing, no dip of any kind — the vegetables alone. Presented in a small plain matte white ceramic bowl, round with a simple smooth rim and no handles — a plain, unadorned small white bowl, exactly like a simple everyday side-dish bowl (NOT the speckled cream two-handled bowl used for other dishes). Bright, premium, LIGHT and WHITE studio background: clean white seamless backdrop, soft even studio lighting, minimal soft shadow, high-end editorial food/product photography look. Shallow depth of field, tack-sharp focus on the food with a softly blurred background. Natural, fresh garnish exactly as described. No text, no logos, no hands, no plate labels, no watermarks. Photorealistic, professional restaurant menu photography, ultra-detailed, 2K quality.",2816x1536,ok
Crispy Corn,Chaat & Fast Sellers,125,chaat-fast-sellers/crispy-corn.png,"A premium editorial food photograph of Crispy Corn: crispy sweet corn tossed with spices, herbs and chilli A generous portion mounded high, filling the bowl completely: golden crispy corn kernels tossed with herbs and a light chilli dusting. No sauce, no dip. Presented in a small plain matte white ceramic bowl, round with a simple smooth rim and no handles — a plain, unadorned small white bowl, exactly like a simple everyday side-dish bowl (NOT the speckled cream two-handled bowl used for other dishes). Bright, premium, LIGHT and WHITE studio background: clean white seamless backdrop, soft even studio lighting, minimal soft shadow, high-end editorial food/product photography look. Shallow depth of field, tack-sharp focus on the food with a softly blurred background. Natural, fresh garnish exactly as described. No text, no logos, no hands, no plate labels, no watermarks. Photorealistic, professional restaurant menu photography, ultra-detailed, 2K quality.",2816x1536,ok
Chole Bhature,Chaat & Fast Sellers,185,chaat-fast-sellers/chole-bhature.png,"A premium editorial food photograph of Chole Bhature: spiced chickpea curry served with fluffy fried bhature bread A generous, hearty portion: a rich dark-brown spiced chickpea curry piled high in the sauce well, beside it on the plate TWO large, extra-puffy golden fried bhature breads (not one — exactly two whole puffed bhature, each large and generously sized), thin red onion rings and a lemon wedge. Presented on a matte white/off-white ceramic oval plate (NOT dark, NOT black, NOT charcoal - the plate itself is white/cream colored) with a small built-in triangular sauce well on one side holding a matching chutney or dip, exactly like the reference plate provided. Bright, premium, LIGHT and WHITE studio background: clean white seamless backdrop, soft even studio lighting, minimal soft shadow, high-end editorial food/product photography look. Shallow depth of field, tack-sharp focus on the food with a softly blurred background. Natural, fresh garnish exactly as described. No text, no logos, no hands, no plate labels, no watermarks. Photorealistic, professional restaurant menu photography, ultra-detailed, 2K quality.",2438x1728,ok
Mix Raita,Chaat & Fast Sellers,95,chaat-fast-sellers/mix-raita.png,"A premium editorial food photograph of Mix Raita: refreshing yogurt with vegetables and roasted spices A generous portion filling the bowl completely: thick white yogurt studded with finely diced cucumber, tomato and onion, dusted with roasted cumin, small mint leaf garnish on top. Presented in a small plain matte white ceramic bowl, round with a simple smooth rim and no handles — a plain, unadorned small white bowl, exactly like a simple everyday side-dish bowl (NOT the speckled cream two-handled bowl used for other dishes). Bright, premium, LIGHT and WHITE studio background: clean white seamless backdrop, soft even studio lighting, minimal soft shadow, high-end editorial food/product photography look. Shallow depth of field, tack-sharp focus on the food with a softly blurred background. Natural, fresh garnish exactly as described. No text, no logos, no hands, no plate labels, no watermarks. Photorealistic, professional restaurant menu photography, ultra-detailed, 2K quality.",2816x1536,ok
Mix Veg Pakora,Chaat & Fast Sellers,149,chaat-fast-sellers/mix-veg-pakora.png,"A premium editorial food photograph of Mix Veg Pakora: crispy mixed vegetable fritters served with mint chutney Irregular golden-brown crispy vegetable fritters piled loosely for height, sauce well filled with vivid green mint chutney. Presented on a matte white/off-white ceramic oval plate (NOT dark, NOT black, NOT charcoal - the plate itself is white/cream colored) with a small built-in triangular sauce well on one side holding a matching chutney or dip, exactly like the reference plate provided. Bright, premium, LIGHT and WHITE studio background: clean white seamless backdrop, soft even studio lighting, minimal soft shadow, high-end editorial food/product photography look. Shallow depth of field, tack-sharp focus on the food with a softly blurred background. Natural, fresh garnish exactly as described. No text, no logos, no hands, no plate labels, no watermarks. Photorealistic, professional restaurant menu photography, ultra-detailed, 2K quality.",2438x1728,ok (pre-existing)
Samosa Chaat,Chaat & Fast Sellers,150,chaat-fast-sellers/samosa-chaat.png,"A premium editorial food photograph of Samosa Chaat: crushed samosas topped with yogurt, chutneys and spices Crushed golden samosa pieces topped with thick yogurt, tamarind and mint chutney drizzles and fine sev, sauce well filled with extra chutney. Presented on a matte white/off-white ceramic oval plate (NOT dark, NOT black, NOT charcoal - the plate itself is white/cream colored) with a small built-in triangular sauce well on one side holding a matching chutney or dip, exactly like the reference plate provided. Bright, premium, LIGHT and WHITE studio background: clean white seamless backdrop, soft even studio lighting, minimal soft shadow, high-end editorial food/product photography look. Shallow depth of field, tack-sharp focus on the food with a softly blurred background. Natural, fresh garnish exactly as described. No text, no logos, no hands, no plate labels, no watermarks. Photorealistic, professional restaurant menu photography, ultra-detailed, 2K quality.",2438x1728,ok (pre-existing)
Paneer Tikka Skewers,Tandoor & Grill,220,tandoor-grill/paneer-tikka-skewers.png,"A premium editorial food photograph of Paneer Tikka Skewers: cottage cheese cubes marinated in yogurt and aromatic Indian spices, grilled in the traditional tandoor Skewers of char-grilled marinated paneer cubes with bell pepper and onion pieces, visible smoky char marks, thin red onion rings, a lemon wedge and a small metal cup of mint chutney beside. Presented on a plain matte white/cream ceramic oval plate (NOT dark, NOT black, NOT charcoal - the plate itself is white/cream colored) with a subtle organic hand-thrown rim texture, exactly like the reference plate provided. Bright, premium, LIGHT and WHITE studio background: clean white seamless backdrop, soft even studio lighting, minimal soft shadow, high-end editorial food/product photography look. Shallow depth of field, tack-sharp focus on the food with a softly blurred background. Natural, fresh garnish exactly as described. No text, no logos, no hands, no plate labels, no watermarks. Photorealistic, professional restaurant menu photography, ultra-detailed, 2K quality.",2126x1984,ok (pre-existing)
Mushroom Tikka,Tandoor & Grill,190,tandoor-grill/mushroom-tikka.png,"A premium editorial food photograph of Mushroom Tikka: mushrooms marinated in yogurt and blended Indian spices, grilled to smoky perfection in the tandoor Whole marinated mushrooms threaded on visible metal skewers (the skewers are mandatory and must be clearly shown, do not plate the mushrooms loose without skewers), char-grilled with visible smoky char marks, thin red onion rings, a lemon wedge and a small metal cup of mint chutney beside. Presented on a plain matte white/cream ceramic oval plate (NOT dark, NOT black, NOT charcoal - the plate itself is white/cream colored) with a subtle organic hand-thrown rim texture, exactly like the reference plate provided. Bright, premium, LIGHT and WHITE studio background: clean white seamless backdrop, soft even studio lighting, minimal soft shadow, high-end editorial food/product photography look. Shallow depth of field, tack-sharp focus on the food with a softly blurred background. Natural, fresh garnish exactly as described. No text, no logos, no hands, no plate labels, no watermarks. Photorealistic, professional restaurant menu photography, ultra-detailed, 2K quality.",2268x1856,ok (pre-existing)
Achari Paneer Tikka,Tandoor & Grill,220,tandoor-grill/achari-paneer-tikka.png,"A premium editorial food photograph of Achari Paneer Tikka: cottage cheese marinated with traditional Indian pickling spices and grilled over charcoal Skewers of char-grilled paneer cubes with a mustard-yellow pickled-spice crust, bell pepper and onion pieces, thin red onion rings, a lemon wedge and a small metal cup of mint chutney beside. Presented on a plain matte white/cream ceramic oval plate (NOT dark, NOT black, NOT charcoal - the plate itself is white/cream colored) with a subtle organic hand-thrown rim texture, exactly like the reference plate provided. Bright, premium, LIGHT and WHITE studio background: clean white seamless backdrop, soft even studio lighting, minimal soft shadow, high-end editorial food/product photography look. Shallow depth of field, tack-sharp focus on the food with a softly blurred background. Natural, fresh garnish exactly as described. No text, no logos, no hands, no plate labels, no watermarks. Photorealistic, professional restaurant menu photography, ultra-detailed, 2K quality.",2126x1984,ok (pre-existing)
Chicken Tikka,Tandoor & Grill,230,tandoor-grill/chicken-tikka.png,"A premium editorial food photograph of Chicken Tikka: tender boneless chicken marinated with yogurt, spices and grilled in the tandoor Skewers of char-grilled deep-red marinated chicken pieces with smoky char marks, thin red onion rings, a lemon wedge and a small metal cup of mint chutney beside. Presented on a plain matte white/cream ceramic oval plate (NOT dark, NOT black, NOT charcoal - the plate itself is white/cream colored) with a subtle organic hand-thrown rim texture, exactly like the reference plate provided. Bright, premium, LIGHT and WHITE studio background: clean white seamless backdrop, soft even studio lighting, minimal soft shadow, high-end editorial food/product photography look. Shallow depth of field, tack-sharp focus on the food with a softly blurred background. Natural, fresh garnish exactly as described. No text, no logos, no hands, no plate labels, no watermarks. Photorealistic, professional restaurant menu photography, ultra-detailed, 2K quality.",2126x1984,ok (pre-existing)
Chicken Malai Tikka,Tandoor & Grill,240,tandoor-grill/chicken-malai-tikka.png,"A premium editorial food photograph of Chicken Malai Tikka: creamy cheese and cream-marinated chicken grilled until lightly charred Skewers of char-grilled pale creamy-white chicken pieces with light char marks, thin red onion rings, a lemon wedge and a small metal cup of mint chutney beside. Presented on a plain matte white/cream ceramic oval plate (NOT dark, NOT black, NOT charcoal - the plate itself is white/cream colored) with a subtle organic hand-thrown rim texture, exactly like the reference plate provided. Bright, premium, LIGHT and WHITE studio background: clean white seamless backdrop, soft even studio lighting, minimal soft shadow, high-end editorial food/product photography look. Shallow depth of field, tack-sharp focus on the food with a softly blurred background. Natural, fresh garnish exactly as described. No text, no logos, no hands, no plate labels, no watermarks. Photorealistic, professional restaurant menu photography, ultra-detailed, 2K quality.",2126x1984,ok (pre-existing)
Tangdi Kebab,Tandoor & Grill,250,tandoor-grill/tangdi-kebab.png,"A premium editorial food photograph of Tangdi Kebab: three tandoor-grilled chicken drumsticks marinated with aromatic Indian spices Three deep-red char-grilled chicken drumsticks fanned out, thin red onion rings, a lemon wedge and a small metal cup of mint chutney beside. Presented on a plain matte white/cream ceramic oval plate (NOT dark, NOT black, NOT charcoal - the plate itself is white/cream colored) with a subtle organic hand-thrown rim texture, exactly like the reference plate provided. Bright, premium, LIGHT and WHITE studio background: clean white seamless backdrop, soft even studio lighting, minimal soft shadow, high-end editorial food/product photography look. Shallow depth of field, tack-sharp focus on the food with a softly blurred background. Natural, fresh garnish exactly as described. No text, no logos, no hands, no plate labels, no watermarks. Photorealistic, professional restaurant menu photography, ultra-detailed, 2K quality.",2126x1984,ok (pre-existing)
Tandoori Chicken,Tandoor & Grill,265,tandoor-grill/tandoori-chicken.png,"A premium editorial food photograph of Tandoori Chicken: half chicken with one breast and one leg, marinated overnight and roasted in the tandoor A vivid red-orange tandoori half chicken (one breast, one leg) with visible char marks, thin red onion rings, a lemon wedge and a small metal cup of mint chutney beside. Presented on a plain matte white/cream ceramic oval plate (NOT dark, NOT black, NOT charcoal - the plate itself is white/cream colored) with a subtle organic hand-thrown rim texture, exactly like the reference plate provided. Bright, premium, LIGHT and WHITE studio background: clean white seamless backdrop, soft even studio lighting, minimal soft shadow, high-end editorial food/product photography look. Shallow depth of field, tack-sharp focus on the food with a softly blurred background. Natural, fresh garnish exactly as described. No text, no logos, no hands, no plate labels, no watermarks. Photorealistic, professional restaurant menu photography, ultra-detailed, 2K quality.",2126x1984,ok (pre-existing)
Tandoori Fish Tikka,Tandoor & Grill,265,tandoor-grill/tandoori-fish-tikka.png,"A premium editorial food photograph of Tandoori Fish Tikka: six boneless fish cubes marinated with spices and grilled in the tandoor Six golden-orange char-grilled fish cubes arranged neatly, thin red onion rings, a lemon wedge and a small metal cup of mint chutney beside. Presented on a plain matte white/cream ceramic oval plate (NOT dark, NOT black, NOT charcoal - the plate itself is white/cream colored) with a subtle organic hand-thrown rim texture, exactly like the reference plate provided. Bright, premium, LIGHT and WHITE studio background: clean white seamless backdrop, soft even studio lighting, minimal soft shadow, high-end editorial food/product photography look. Shallow depth of field, tack-sharp focus on the food with a softly blurred background. Natural, fresh garnish exactly as described. No text, no logos, no hands, no plate labels, no watermarks. Photorealistic, professional restaurant menu photography, ultra-detailed, 2K quality.",2126x1984,ok (pre-existing)
Mixed Tandoori Platter,Tandoor & Grill,399,tandoor-grill/mixed-tandoori-platter.png,"A premium editorial food photograph of Mixed Tandoori Platter: Chicken Tikka, Chicken Malai Tikka, Paneer Tikka and Achari Paneer Tikka served on one sizzling platter with mint chutney A generous assortment of char-grilled chicken tikka, chicken malai tikka, paneer tikka and achari paneer tikka skewer pieces fanned out across the platter, mint chutney in a small metal cup, thin red onion rings and a lemon wedge, gentle wisps of steam suggesting it just came off the grill. Presented on a large matte white/cream ceramic oval serving platter (a larger version of the plain white plate) with a subtle organic hand-thrown rim texture, exactly like the reference plate provided, sized to hold an assortment of grilled items. Bright, premium, LIGHT and WHITE studio background: clean white seamless backdrop, soft even studio lighting, minimal soft shadow, high-end editorial food/product photography look. Shallow depth of field, tack-sharp focus on the food with a softly blurred background. Natural, fresh garnish exactly as described. No text, no logos, no hands, no plate labels, no watermarks. Photorealistic, professional restaurant menu photography, ultra-detailed, 2K quality.",2268x1856,ok (pre-existing)
Dal Makhani,Main Curries,169,main-curries/dal-makhani.png,"A premium editorial food photograph of Dal Makhani: creamy black lentils slow-cooked with butter and aromatic spices Deep brown creamy lentils with a swirl of cream on top and a small pat of melting butter in the center, finished with fresh cilantro. Served in a small hammered copper karahi (traditional Indian wok-shaped serving bowl) with polished brass ring handles, resting on a round wooden coaster. Bright, premium, LIGHT and WHITE studio background: clean white seamless backdrop, soft even studio lighting, minimal soft shadow, high-end editorial food/product photography look. Shallow depth of field, tack-sharp focus on the food with a softly blurred background. Natural, fresh garnish exactly as described. No text, no logos, no hands, no plate labels, no watermarks. Photorealistic, professional restaurant menu photography, ultra-detailed, 2K quality.",2816x1536,ok (pre-existing)
Paneer Butter Masala,Main Curries,199,main-curries/paneer-butter-masala.png,"A premium editorial food photograph of Paneer Butter Masala: cottage cheese cooked in a rich tomato and butter gravy Soft paneer cubes in a smooth vivid orange-red tomato-butter gravy, finished with a swirl of cream and fresh cilantro. Nothing else in frame — no naan, no bread, no other food in the background, just the karahi on its coaster against the plain studio background. Served in a small hammered copper karahi (traditional Indian wok-shaped serving bowl) with polished brass ring handles, resting on a round wooden coaster. Bright, premium, LIGHT and WHITE studio background: clean white seamless backdrop, soft even studio lighting, minimal soft shadow, high-end editorial food/product photography look. Shallow depth of field, tack-sharp focus on the food with a softly blurred background. Natural, fresh garnish exactly as described. No text, no logos, no hands, no plate labels, no watermarks. Photorealistic, professional restaurant menu photography, ultra-detailed, 2K quality.",2816x1536,ok (pre-existing)
Dal Tadka,Main Curries,159,main-curries/dal-tadka.png,"A premium editorial food photograph of Dal Tadka: yellow lentils tempered with garlic, cumin and spices Smooth golden-yellow lentils topped with a sizzling tempering of garlic slivers, cumin seeds and dried red chilli in ghee, finished with fresh cilantro. Served in a small hammered copper karahi (traditional Indian wok-shaped serving bowl) with polished brass ring handles, resting on a round wooden coaster. Bright, premium, LIGHT and WHITE studio background: clean white seamless backdrop, soft even studio lighting, minimal soft shadow, high-end editorial food/product photography look. Shallow depth of field, tack-sharp focus on the food with a softly blurred background. Natural, fresh garnish exactly as described. No text, no logos, no hands, no plate labels, no watermarks. Photorealistic, professional restaurant menu photography, ultra-detailed, 2K quality.",2816x1536,ok (pre-existing)
Kadhai Paneer,Main Curries,199,main-curries/kadhai-paneer.png,"A premium editorial food photograph of Kadhai Paneer: cottage cheese cooked with bell peppers, onions and traditional spices Golden paneer cubes tossed with colorful bell pepper and onion pieces in a thick reddish-brown masala, finished with fresh cilantro. Served in a small hammered copper karahi (traditional Indian wok-shaped serving bowl) with polished brass ring handles, resting on a round wooden coaster. Bright, premium, LIGHT and WHITE studio background: clean white seamless backdrop, soft even studio lighting, minimal soft shadow, high-end editorial food/product photography look. Shallow depth of field, tack-sharp focus on the food with a softly blurred background. Natural, fresh garnish exactly as described. No text, no logos, no hands, no plate labels, no watermarks. Photorealistic, professional restaurant menu photography, ultra-detailed, 2K quality.",2816x1536,ok (pre-existing)
Palak Paneer,Main Curries,199,main-curries/palak-paneer.png,"A premium editorial food photograph of Palak Paneer: cottage cheese simmered in a creamy spinach gravy Soft paneer cubes set in a smooth vivid green spinach gravy, finished with a swirl of cream and a fresh cilantro leaf. Served in a small hammered copper karahi (traditional Indian wok-shaped serving bowl) with polished brass ring handles, resting on a round wooden coaster. Bright, premium, LIGHT and WHITE studio background: clean white seamless backdrop, soft even studio lighting, minimal soft shadow, high-end editorial food/product photography look. Shallow depth of field, tack-sharp focus on the food with a softly blurred background. Natural, fresh garnish exactly as described. No text, no logos, no hands, no plate labels, no watermarks. Photorealistic, professional restaurant menu photography, ultra-detailed, 2K quality.",2816x1536,ok (pre-existing)
Malai Kofta,Main Curries,195,main-curries/malai-kofta.png,"A premium editorial food photograph of Malai Kofta: vegetable dumplings served in a rich creamy curry Golden-fried vegetable dumplings submerged in a smooth creamy orange gravy, finished with a drizzle of cream, toasted nuts and fresh cilantro. Served in a small hammered copper karahi (traditional Indian wok-shaped serving bowl) with polished brass ring handles, resting on a round wooden coaster. Bright, premium, LIGHT and WHITE studio background: clean white seamless backdrop, soft even studio lighting, minimal soft shadow, high-end editorial food/product photography look. Shallow depth of field, tack-sharp focus on the food with a softly blurred background. Natural, fresh garnish exactly as described. No text, no logos, no hands, no plate labels, no watermarks. Photorealistic, professional restaurant menu photography, ultra-detailed, 2K quality.",2816x1536,ok (pre-existing)
Veg Jalfrezi,Main Curries,165,main-curries/veg-jalfrezi.png,"A premium editorial food photograph of Veg Jalfrezi: mixed vegetables tossed in a spiced tomato-based gravy Colorful bell pepper, carrot, baby corn and bean pieces in a light spiced tomato gravy, finished with fresh cilantro. Served in a small hammered copper karahi (traditional Indian wok-shaped serving bowl) with polished brass ring handles, resting on a round wooden coaster. Bright, premium, LIGHT and WHITE studio background: clean white seamless backdrop, soft even studio lighting, minimal soft shadow, high-end editorial food/product photography look. Shallow depth of field, tack-sharp focus on the food with a softly blurred background. Natural, fresh garnish exactly as described. No text, no logos, no hands, no plate labels, no watermarks. Photorealistic, professional restaurant menu photography, ultra-detailed, 2K quality.",2816x1536,ok (pre-existing)
Jeera Aloo,Main Curries,155,main-curries/jeera-aloo.png,"A premium editorial food photograph of Jeera Aloo: potatoes sauteed with cumin and aromatic spices Golden baby potatoes tossed with visible cumin seeds and dried red chilli, finished with fresh cilantro, served in the exact same style of small hammered copper karahi on a wooden coaster as the other curries in this set — photorealistic professional food photography, natural texture and lighting, not illustrated or airbrushed-looking. Served in a small hammered copper karahi (traditional Indian wok-shaped serving bowl) with polished brass ring handles, resting on a round wooden coaster. Bright, premium, LIGHT and WHITE studio background: clean white seamless backdrop, soft even studio lighting, minimal soft shadow, high-end editorial food/product photography look. Shallow depth of field, tack-sharp focus on the food with a softly blurred background. Natural, fresh garnish exactly as described. No text, no logos, no hands, no plate labels, no watermarks. Photorealistic, professional restaurant menu photography, ultra-detailed, 2K quality.",2816x1536,ok (pre-existing)
Dum Aloo,Main Curries,185,main-curries/dum-aloo.png,"A premium editorial food photograph of Dum Aloo: baby potatoes simmered in a rich spiced gravy Whole baby potatoes in a rich reddish-orange spiced gravy, finished with fresh cilantro. Served in a small hammered copper karahi (traditional Indian wok-shaped serving bowl) with polished brass ring handles, resting on a round wooden coaster. Bright, premium, LIGHT and WHITE studio background: clean white seamless backdrop, soft even studio lighting, minimal soft shadow, high-end editorial food/product photography look. Shallow depth of field, tack-sharp focus on the food with a softly blurred background. Natural, fresh garnish exactly as described. No text, no logos, no hands, no plate labels, no watermarks. Photorealistic, professional restaurant menu photography, ultra-detailed, 2K quality.",2816x1536,ok (pre-existing)
Bhindi Masala,Main Curries,165,main-curries/bhindi-masala.png,"A premium editorial food photograph of Bhindi Masala: okra cooked with onions, tomatoes and aromatic spices Sliced okra sauteed with onion and tomato in a dry masala coating, finished with fresh cilantro. Served in a small hammered copper karahi (traditional Indian wok-shaped serving bowl) with polished brass ring handles, resting on a round wooden coaster. Bright, premium, LIGHT and WHITE studio background: clean white seamless backdrop, soft even studio lighting, minimal soft shadow, high-end editorial food/product photography look. Shallow depth of field, tack-sharp focus on the food with a softly blurred background. Natural, fresh garnish exactly as described. No text, no logos, no hands, no plate labels, no watermarks. Photorealistic, professional restaurant menu photography, ultra-detailed, 2K quality.",2816x1536,ok (pre-existing)
Aloo Gobhi,Main Curries,170,main-curries/aloo-gobhi.png,"A premium editorial food photograph of Aloo Gobhi: potatoes and cauliflower cooked with traditional Indian spices Golden potato and cauliflower florets tossed in a light turmeric-spiced dry masala, finished with fresh cilantro. Served in a small hammered copper karahi (traditional Indian wok-shaped serving bowl) with polished brass ring handles, resting on a round wooden coaster. Bright, premium, LIGHT and WHITE studio background: clean white seamless backdrop, soft even studio lighting, minimal soft shadow, high-end editorial food/product photography look. Shallow depth of field, tack-sharp focus on the food with a softly blurred background. Natural, fresh garnish exactly as described. No text, no logos, no hands, no plate labels, no watermarks. Photorealistic, professional restaurant menu photography, ultra-detailed, 2K quality.",2816x1536,ok (pre-existing)
Butter Chicken,Main Curries,249,main-curries/butter-chicken.png,"A premium editorial food photograph of Butter Chicken: tender chicken cooked in a rich tomato and butter gravy Tender chicken pieces in a smooth vivid orange-red tomato-butter gravy, finished with a swirl of cream and fresh cilantro. Served in a small hammered copper karahi (traditional Indian wok-shaped serving bowl) with polished brass ring handles, resting on a round wooden coaster. Bright, premium, LIGHT and WHITE studio background: clean white seamless backdrop, soft even studio lighting, minimal soft shadow, high-end editorial food/product photography look. Shallow depth of field, tack-sharp focus on the food with a softly blurred background. Natural, fresh garnish exactly as described. No text, no logos, no hands, no plate labels, no watermarks. Photorealistic, professional restaurant menu photography, ultra-detailed, 2K quality.",2816x1536,ok (pre-existing)
Chicken Tikka Masala,Main Curries,239,main-curries/chicken-tikka-masala.png,"A premium editorial food photograph of Chicken Tikka Masala: grilled chicken tikka simmered in a rich spiced tomato gravy Char-grilled chicken tikka pieces with visible smoky edges in a thick spiced tomato gravy, finished with fresh cilantro. Served in a small hammered copper karahi (traditional Indian wok-shaped serving bowl) with polished brass ring handles, resting on a round wooden coaster. Bright, premium, LIGHT and WHITE studio background: clean white seamless backdrop, soft even studio lighting, minimal soft shadow, high-end editorial food/product photography look. Shallow depth of field, tack-sharp focus on the food with a softly blurred background. Natural, fresh garnish exactly as described. No text, no logos, no hands, no plate labels, no watermarks. Photorealistic, professional restaurant menu photography, ultra-detailed, 2K quality.",2816x1536,ok (pre-existing)
Kadai Chicken,Main Curries,229,main-curries/kadai-chicken.png,"A premium editorial food photograph of Kadai Chicken: chicken cooked with onions, bell peppers and aromatic Indian spices Chicken pieces tossed with colorful bell pepper and onion in a thick reddish-brown masala, finished with fresh cilantro. Served in a small hammered copper karahi (traditional Indian wok-shaped serving bowl) with polished brass ring handles, resting on a round wooden coaster. Bright, premium, LIGHT and WHITE studio background: clean white seamless backdrop, soft even studio lighting, minimal soft shadow, high-end editorial food/product photography look. Shallow depth of field, tack-sharp focus on the food with a softly blurred background. Natural, fresh garnish exactly as described. No text, no logos, no hands, no plate labels, no watermarks. Photorealistic, professional restaurant menu photography, ultra-detailed, 2K quality.",2816x1536,ok (pre-existing)
Egg Curry,Main Curries,175,main-curries/egg-curry.png,"A premium editorial food photograph of Egg Curry: two whole boiled eggs simmered in a rich traditional Indian curry Two halved or whole boiled eggs submerged in a rich reddish-orange curry, finished with fresh cilantro. Served in a small hammered copper karahi (traditional Indian wok-shaped serving bowl) with polished brass ring handles, resting on a round wooden coaster. Bright, premium, LIGHT and WHITE studio background: clean white seamless backdrop, soft even studio lighting, minimal soft shadow, high-end editorial food/product photography look. Shallow depth of field, tack-sharp focus on the food with a softly blurred background. Natural, fresh garnish exactly as described. No text, no logos, no hands, no plate labels, no watermarks. Photorealistic, professional restaurant menu photography, ultra-detailed, 2K quality.",2816x1536,ok (pre-existing)
Egg Bhurji,Main Curries,175,main-curries/egg-bhurji.png,"A premium editorial food photograph of Egg Bhurji: Indian-style scrambled eggs cooked with onions, tomatoes, green chili and aromatic spices Soft golden-yellow scrambled eggs studded with diced onion, tomato and green chilli, finished with fresh cilantro. Served in a small hammered copper karahi (traditional Indian wok-shaped serving bowl) with polished brass ring handles, resting on a round wooden coaster. Bright, premium, LIGHT and WHITE studio background: clean white seamless backdrop, soft even studio lighting, minimal soft shadow, high-end editorial food/product photography look. Shallow depth of field, tack-sharp focus on the food with a softly blurred background. Natural, fresh garnish exactly as described. No text, no logos, no hands, no plate labels, no watermarks. Photorealistic, professional restaurant menu photography, ultra-detailed, 2K quality.",2816x1536,ok (pre-existing)
Fish Curry Coastal Style,Seafood Curries,240,seafood-curries/fish-curry-coastal-style.png,"A premium editorial food photograph of Fish Curry Coastal Style: fresh fish simmered in a rich coastal-style curry Firm white fish pieces in a golden-orange coconut-spiced coastal curry, finished with fresh curry leaves. Served in a small hammered copper karahi (traditional Indian wok-shaped serving bowl) with polished brass ring handles, resting on a round wooden coaster. Bright, premium, LIGHT and WHITE studio background: clean white seamless backdrop, soft even studio lighting, minimal soft shadow, high-end editorial food/product photography look. Shallow depth of field, tack-sharp focus on the food with a softly blurred background. Natural, fresh garnish exactly as described. No text, no logos, no hands, no plate labels, no watermarks. Photorealistic, professional restaurant menu photography, ultra-detailed, 2K quality.",2816x1536,ok (pre-existing)
Prawn Masala,Seafood Curries,260,seafood-curries/prawn-masala.png,"A premium editorial food photograph of Prawn Masala: prawns cooked in a spiced onion and tomato gravy Plump prawns in a thick reddish-brown onion-tomato masala, finished with fresh cilantro. Served in a small hammered copper karahi (traditional Indian wok-shaped serving bowl) with polished brass ring handles, resting on a round wooden coaster. Bright, premium, LIGHT and WHITE studio background: clean white seamless backdrop, soft even studio lighting, minimal soft shadow, high-end editorial food/product photography look. Shallow depth of field, tack-sharp focus on the food with a softly blurred background. Natural, fresh garnish exactly as described. No text, no logos, no hands, no plate labels, no watermarks. Photorealistic, professional restaurant menu photography, ultra-detailed, 2K quality.",2816x1536,ok (pre-existing)
Goan Prawn Curry,Seafood Curries,260,seafood-curries/goan-prawn-curry.png,"A premium editorial food photograph of Goan Prawn Curry: prawns cooked in a coconut-based coastal curry with aromatic spices Plump prawns in a golden-yellow coconut curry, finished with fresh curry leaves. Only the curry in the karahi — no rice, no side of rice, nothing else on the plate. Served in a small hammered copper karahi (traditional Indian wok-shaped serving bowl) with polished brass ring handles, resting on a round wooden coaster. Bright, premium, LIGHT and WHITE studio background: clean white seamless backdrop, soft even studio lighting, minimal soft shadow, high-end editorial food/product photography look. Shallow depth of field, tack-sharp focus on the food with a softly blurred background. Natural, fresh garnish exactly as described. No text, no logos, no hands, no plate labels, no watermarks. Photorealistic, professional restaurant menu photography, ultra-detailed, 2K quality.",2816x1536,ok (pre-existing)
Tandoori Roti / Tawa Roti,Breads,55,breads/tandoori-roti-tawa-roti.png,"A premium editorial food photograph of Tandoori Roti / Tawa Roti: soft whole wheat bread baked in the tandoor (add butter +5K) Exactly ONE single round char-flecked whole wheat flatbread with a lightly blistered surface, alone in the basket. Do not show two rotis, do not duplicate it — only one piece of bread in the entire photo. Presented in a small rectangular woven rattan/wicker bread basket lined with a neutral linen napkin. Bright, premium, LIGHT and WHITE studio background: clean white seamless backdrop, soft even studio lighting, minimal soft shadow, high-end editorial food/product photography look. Shallow depth of field, tack-sharp focus on the food with a softly blurred background. Natural, fresh garnish exactly as described. No text, no logos, no hands, no plate labels, no watermarks. Photorealistic, professional restaurant menu photography, ultra-detailed, 2K quality.",2816x1536,ok (pre-existing)
Garlic Naan,Breads,85,breads/garlic-naan.png,"A premium editorial food photograph of Garlic Naan: soft naan bread topped with garlic and fresh coriander A pillowy oval naan with charred blister spots, topped with chopped garlic and fresh coriander. Presented in a small rectangular woven rattan/wicker bread basket lined with a neutral linen napkin. Bright, premium, LIGHT and WHITE studio background: clean white seamless backdrop, soft even studio lighting, minimal soft shadow, high-end editorial food/product photography look. Shallow depth of field, tack-sharp focus on the food with a softly blurred background. Natural, fresh garnish exactly as described. No text, no logos, no hands, no plate labels, no watermarks. Photorealistic, professional restaurant menu photography, ultra-detailed, 2K quality.",2816x1536,ok (pre-existing)
Laccha Parantha,Breads,80,breads/laccha-parantha.png,"A premium editorial food photograph of Laccha Parantha: multi-layered whole wheat bread cooked on a tawa with a touch of ghee A round layered flatbread with visible spiral flaky layers and a light ghee sheen. Presented in a small rectangular woven rattan/wicker bread basket lined with a neutral linen napkin. Bright, premium, LIGHT and WHITE studio background: clean white seamless backdrop, soft even studio lighting, minimal soft shadow, high-end editorial food/product photography look. Shallow depth of field, tack-sharp focus on the food with a softly blurred background. Natural, fresh garnish exactly as described. No text, no logos, no hands, no plate labels, no watermarks. Photorealistic, professional restaurant menu photography, ultra-detailed, 2K quality.",2816x1536,ok (pre-existing)
Plain Naan,Breads,75,breads/plain-naan.png,"A premium editorial food photograph of Plain Naan: soft and pillowy white flour bread baked in the tandoor (add butter +5K) A beautiful, appetizing, generously sized pillowy oval white-flour naan, completely whole and intact with NO tears, NO broken edges, NO rips of any kind — a single smooth unbroken piece of bread with rich golden charred blister spots and a warm buttery sheen, resting elegantly in the basket. Nothing else on the plate — no dip, no bowl, no garnish, no side items of any kind, just the whole naan alone in the basket, shot with warm inviting light. Presented in a small rectangular woven rattan/wicker bread basket lined with a neutral linen napkin. Bright, premium, LIGHT and WHITE studio background: clean white seamless backdrop, soft even studio lighting, minimal soft shadow, high-end editorial food/product photography look. Shallow depth of field, tack-sharp focus on the food with a softly blurred background. Natural, fresh garnish exactly as described. No text, no logos, no hands, no plate labels, no watermarks. Photorealistic, professional restaurant menu photography, ultra-detailed, 2K quality.",2816x1536,ok
Cheese Garlic Naan,Breads,95,breads/cheese-garlic-naan.png,"A premium editorial food photograph of Cheese Garlic Naan: soft naan topped with garlic and melted cheese, baked in the tandoor An oval naan topped with melted golden cheese and chopped garlic, cut into wedges. Presented in a small rectangular woven rattan/wicker bread basket lined with a neutral linen napkin. Bright, premium, LIGHT and WHITE studio background: clean white seamless backdrop, soft even studio lighting, minimal soft shadow, high-end editorial food/product photography look. Shallow depth of field, tack-sharp focus on the food with a softly blurred background. Natural, fresh garnish exactly as described. No text, no logos, no hands, no plate labels, no watermarks. Photorealistic, professional restaurant menu photography, ultra-detailed, 2K quality.",2816x1536,ok (pre-existing)
Chilli Cheese Naan,Breads,95,breads/chilli-cheese-naan.png,"A premium editorial food photograph of Chilli Cheese Naan: soft naan loaded with cheese, garlic and a touch of chili, baked in the tandoor A round naan topped with melted cheese, chopped garlic and red chilli flakes, cut into wedges. Presented in a small rectangular woven rattan/wicker bread basket lined with a neutral linen napkin. Bright, premium, LIGHT and WHITE studio background: clean white seamless backdrop, soft even studio lighting, minimal soft shadow, high-end editorial food/product photography look. Shallow depth of field, tack-sharp focus on the food with a softly blurred background. Natural, fresh garnish exactly as described. No text, no logos, no hands, no plate labels, no watermarks. Photorealistic, professional restaurant menu photography, ultra-detailed, 2K quality.",2816x1536,ok (pre-existing)
Stuffed Naan (Aloo / Mix / Paneer),Breads,110,breads/stuffed-naan-aloo-mix-paneer.png,"A premium editorial food photograph of Stuffed Naan (Aloo / Mix / Paneer): soft naan stuffed with your choice of aloo, mix or paneer, baked to perfection in the tandoor (+40K for paneer) A pillowy naan cut into triangular wedges revealing a golden spiced potato stuffing inside, shot on a completely clean plain white/cream studio background with no texture or clutter behind it. Presented in a small rectangular woven rattan/wicker bread basket lined with a neutral linen napkin. Bright, premium, LIGHT and WHITE studio background: clean white seamless backdrop, soft even studio lighting, minimal soft shadow, high-end editorial food/product photography look. Shallow depth of field, tack-sharp focus on the food with a softly blurred background. Natural, fresh garnish exactly as described. No text, no logos, no hands, no plate labels, no watermarks. Photorealistic, professional restaurant menu photography, ultra-detailed, 2K quality.",2816x1536,ok (pre-existing)
Parantha (Aloo / Mix / Paneer),Breads,110,breads/parantha-aloo-mix-paneer.png,"A premium editorial food photograph of Parantha (Aloo / Mix / Paneer): traditional layered flatbread with a soft, flaky texture, cooked on a griddle, with a choice of aloo, mix or paneer stuffing (+40K for paneer) A round griddle-cooked layered flatbread with a light golden-brown flaky surface and a touch of ghee sheen, cut into wedges revealing a spiced stuffing inside. Presented in a small rectangular woven rattan/wicker bread basket lined with a neutral linen napkin. Bright, premium, LIGHT and WHITE studio background: clean white seamless backdrop, soft even studio lighting, minimal soft shadow, high-end editorial food/product photography look. Shallow depth of field, tack-sharp focus on the food with a softly blurred background. Natural, fresh garnish exactly as described. No text, no logos, no hands, no plate labels, no watermarks. Photorealistic, professional restaurant menu photography, ultra-detailed, 2K quality.",2816x1536,ok (pre-existing)
Dal Khichdi,Rice & Khichdi,180,rice-khichdi/dal-khichdi.png,"A premium editorial food photograph of Dal Khichdi: comforting rice and lentils cooked together with mild spices Soft golden-yellow rice and lentils mounded gently with a small pat of melting butter on top, finished with fresh cilantro. Served in a small hammered copper handi bowl (rounded, no handles), the rice mounded gently, resting on a round wooden coaster. Bright, premium, LIGHT and WHITE studio background: clean white seamless backdrop, soft even studio lighting, minimal soft shadow, high-end editorial food/product photography look. Shallow depth of field, tack-sharp focus on the food with a softly blurred background. Natural, fresh garnish exactly as described. No text, no logos, no hands, no plate labels, no watermarks. Photorealistic, professional restaurant menu photography, ultra-detailed, 2K quality.",2816x1536,ok (pre-existing)
Steamed Basmati Rice,Rice & Khichdi,85,rice-khichdi/steamed-basmati-rice.png,"A premium editorial food photograph of Steamed Basmati Rice: light and fragrant long-grain basmati rice Fluffy separate long-grain white basmati rice mounded gently, finished with a single fresh cilantro leaf. Served in a small hammered copper handi bowl (rounded, no handles), the rice mounded gently, resting on a round wooden coaster. Bright, premium, LIGHT and WHITE studio background: clean white seamless backdrop, soft even studio lighting, minimal soft shadow, high-end editorial food/product photography look. Shallow depth of field, tack-sharp focus on the food with a softly blurred background. Natural, fresh garnish exactly as described. No text, no logos, no hands, no plate labels, no watermarks. Photorealistic, professional restaurant menu photography, ultra-detailed, 2K quality.",2816x1536,ok (pre-existing)
Jeera Rice,Rice & Khichdi,99,rice-khichdi/jeera-rice.png,"A premium editorial food photograph of Jeera Rice: basmati rice tempered with cumin and aromatic spices Fluffy basmati rice flecked with visible toasted cumin seeds, finished with a dried red chilli and fresh cilantro. Served in a small hammered copper handi bowl (rounded, no handles), the rice mounded gently, resting on a round wooden coaster. Bright, premium, LIGHT and WHITE studio background: clean white seamless backdrop, soft even studio lighting, minimal soft shadow, high-end editorial food/product photography look. Shallow depth of field, tack-sharp focus on the food with a softly blurred background. Natural, fresh garnish exactly as described. No text, no logos, no hands, no plate labels, no watermarks. Photorealistic, professional restaurant menu photography, ultra-detailed, 2K quality.",2816x1536,ok (pre-existing)
Paneer Biryani,Biryani,210,biryani/paneer-biryani.png,"A premium editorial food photograph of Paneer Biryani: aromatic basmati rice layered with paneer and traditional spices Fragrant saffron-streaked basmati rice layered with golden-seared paneer cubes, fried onions, mint leaves and whole spices. Served in a hammered copper biryani handi (rounded pot) with a domed hammered-copper lid propped partially open beside it, fragrant rice visibly steaming, resting on a round wooden coaster. Bright, premium, LIGHT and WHITE studio background: clean white seamless backdrop, soft even studio lighting, minimal soft shadow, high-end editorial food/product photography look. Shallow depth of field, tack-sharp focus on the food with a softly blurred background. Natural, fresh garnish exactly as described. No text, no logos, no hands, no plate labels, no watermarks. Photorealistic, professional restaurant menu photography, ultra-detailed, 2K quality.",2816x1536,ok (pre-existing)
Veg Biryani,Biryani,190,biryani/veg-biryani.png,"A premium editorial food photograph of Veg Biryani: fragrant basmati rice layered with vegetables and traditional spices Fragrant saffron-streaked basmati rice layered with colorful mixed vegetables, fried onions, mint leaves and whole spices. Served in a hammered copper biryani handi (rounded pot) with a domed hammered-copper lid propped partially open beside it, fragrant rice visibly steaming, resting on a round wooden coaster. Bright, premium, LIGHT and WHITE studio background: clean white seamless backdrop, soft even studio lighting, minimal soft shadow, high-end editorial food/product photography look. Shallow depth of field, tack-sharp focus on the food with a softly blurred background. Natural, fresh garnish exactly as described. No text, no logos, no hands, no plate labels, no watermarks. Photorealistic, professional restaurant menu photography, ultra-detailed, 2K quality.",2816x1536,ok (pre-existing)
Egg Biryani,Biryani,195,biryani/egg-biryani.png,"A premium editorial food photograph of Egg Biryani: fragrant basmati rice layered with eggs and aromatic spices Fragrant saffron-streaked basmati rice topped with halved boiled eggs, fried onions, mint leaves and whole spices. Served in a hammered copper biryani handi (rounded pot) with a domed hammered-copper lid propped partially open beside it, fragrant rice visibly steaming, resting on a round wooden coaster. Bright, premium, LIGHT and WHITE studio background: clean white seamless backdrop, soft even studio lighting, minimal soft shadow, high-end editorial food/product photography look. Shallow depth of field, tack-sharp focus on the food with a softly blurred background. Natural, fresh garnish exactly as described. No text, no logos, no hands, no plate labels, no watermarks. Photorealistic, professional restaurant menu photography, ultra-detailed, 2K quality.",2816x1536,ok (pre-existing)
Chicken Biryani,Biryani,230,biryani/chicken-biryani.png,"A premium editorial food photograph of Chicken Biryani: slow-cooked basmati rice layered with chicken and aromatic spices Fragrant saffron-streaked basmati rice layered with tender bone-in chicken pieces, fried onions, mint leaves and whole spices. Served in a hammered copper biryani handi (rounded pot) with a domed hammered-copper lid propped partially open beside it, fragrant rice visibly steaming, resting on a round wooden coaster. Bright, premium, LIGHT and WHITE studio background: clean white seamless backdrop, soft even studio lighting, minimal soft shadow, high-end editorial food/product photography look. Shallow depth of field, tack-sharp focus on the food with a softly blurred background. Natural, fresh garnish exactly as described. No text, no logos, no hands, no plate labels, no watermarks. Photorealistic, professional restaurant menu photography, ultra-detailed, 2K quality.",2816x1536,ok (pre-existing)
Prawn Biryani,Biryani,250,biryani/prawn-biryani.png,"A premium editorial food photograph of Prawn Biryani: fragrant basmati rice layered with prawns and traditional spices Fragrant saffron-streaked basmati rice layered with plump prawns, fried onions, mint leaves and whole spices. Served in a hammered copper biryani handi (rounded pot) with a domed hammered-copper lid propped partially open beside it, fragrant rice visibly steaming, resting on a round wooden coaster. Bright, premium, LIGHT and WHITE studio background: clean white seamless backdrop, soft even studio lighting, minimal soft shadow, high-end editorial food/product photography look. Shallow depth of field, tack-sharp focus on the food with a softly blurred background. Natural, fresh garnish exactly as described. No text, no logos, no hands, no plate labels, no watermarks. Photorealistic, professional restaurant menu photography, ultra-detailed, 2K quality.",2816x1536,ok (pre-existing)
Masala Tea,Drinks,60,drinks/masala-tea.png,"A premium editorial food photograph of Masala Tea: traditional Indian tea brewed with aromatic spices Warm reddish-brown spiced milk tea with a light steam rising, a few whole spices (cardamom, cinnamon stick) resting beside the cup. Served in the exact same light speckled ceramic cup and saucer style used for the coffee drinks — not a copper mug. Served in a light speckled ceramic cup and saucer. Bright, premium, LIGHT and WHITE studio background: clean white seamless backdrop, soft even studio lighting, minimal soft shadow, high-end editorial food/product photography look. Shallow depth of field, tack-sharp focus on the food with a softly blurred background. Natural, fresh garnish exactly as described. No text, no logos, no hands, no plate labels, no watermarks. Photorealistic, professional restaurant menu photography, ultra-detailed, 2K quality.",2816x1536,ok (pre-existing)
Mango Lassi,Drinks,110,drinks/mango-lassi.png,"A premium editorial food photograph of Mango Lassi: creamy yogurt drink blended with ripe mango A thick, bright orange creamy mango yogurt drink, topped with a light dusting of cardamom and a small mint sprig. Served in a tall clear glass, resting on a small round wooden coaster. Bright, premium, LIGHT and WHITE studio background: clean white seamless backdrop, soft even studio lighting, minimal soft shadow, high-end editorial food/product photography look. Shallow depth of field, tack-sharp focus on the food with a softly blurred background. Natural, fresh garnish exactly as described. No text, no logos, no hands, no plate labels, no watermarks. Photorealistic, professional restaurant menu photography, ultra-detailed, 2K quality.",2816x1536,ok (pre-existing)
Lassi,Drinks,110,drinks/lassi.png,"A premium editorial food photograph of Lassi: traditional yogurt drink served chilled A thick pale creamy-white yogurt drink, topped with a light dusting of cardamom and a small mint sprig. Served in a tall clear glass, resting on a small round wooden coaster. Bright, premium, LIGHT and WHITE studio background: clean white seamless backdrop, soft even studio lighting, minimal soft shadow, high-end editorial food/product photography look. Shallow depth of field, tack-sharp focus on the food with a softly blurred background. Natural, fresh garnish exactly as described. No text, no logos, no hands, no plate labels, no watermarks. Photorealistic, professional restaurant menu photography, ultra-detailed, 2K quality.",2816x1536,ok (pre-existing)
Cold Drink,Drinks,50,drinks/cold-drink.png,"A premium editorial food photograph of Cold Drink: choice of Coca-Cola, Sprite or Fanta A fizzy cola-colored soft drink over ice cubes with visible rising bubbles, a lemon wedge on the rim. Served in a clear glass tumbler, resting on a small round copper coaster. Bright, premium, LIGHT and WHITE studio background: clean white seamless backdrop, soft even studio lighting, minimal soft shadow, high-end editorial food/product photography look. Shallow depth of field, tack-sharp focus on the food with a softly blurred background. Natural, fresh garnish exactly as described. No text, no logos, no hands, no plate labels, no watermarks. Photorealistic, professional restaurant menu photography, ultra-detailed, 2K quality.",2816x1536,ok (pre-existing)
Masala Chaas,Drinks,85,drinks/masala-chaas.png,"A premium editorial food photograph of Masala Chaas: refreshing spiced buttermilk blended with roasted cumin and traditional Indian seasonings A pale frothy spiced buttermilk drink, topped with a light dusting of roasted cumin and a small mint sprig. Served in a tall clear glass, resting on a small round wooden coaster. Bright, premium, LIGHT and WHITE studio background: clean white seamless backdrop, soft even studio lighting, minimal soft shadow, high-end editorial food/product photography look. Shallow depth of field, tack-sharp focus on the food with a softly blurred background. Natural, fresh garnish exactly as described. No text, no logos, no hands, no plate labels, no watermarks. Photorealistic, professional restaurant menu photography, ultra-detailed, 2K quality.",2816x1536,ok (pre-existing)
Water / Sparkling Water,Drinks,25,drinks/water-sparkling-water.png,"A premium editorial food photograph of Water / Sparkling Water: chilled bottled still or sparkling water A clear glass filled with chilled still water with visible condensation, ice cubes and a light mint sprig, a clear glass bottle beside it with a simple small label reading 'THE THEATER' in elegant serif capitals on the front of the bottle. Served in a clear glass tumbler, resting on a small round copper coaster. Bright, premium, LIGHT and WHITE studio background: clean white seamless backdrop, soft even studio lighting, minimal soft shadow, high-end editorial food/product photography look. Shallow depth of field, tack-sharp focus on the food with a softly blurred background. Natural, fresh garnish exactly as described. No text, no logos, no hands, no plate labels, no watermarks. Photorealistic, professional restaurant menu photography, ultra-detailed, 2K quality.",2816x1536,ok
Cappuccino,Coffee,75,coffee/cappuccino.png,"A premium editorial food photograph of Cappuccino: espresso with steamed milk and velvety foam A cappuccino with a delicate latte-art rosette in the velvety foam, a few coffee beans scattered beside the cup. Served in a light speckled ceramic cup and saucer. Bright, premium, LIGHT and WHITE studio background: clean white seamless backdrop, soft even studio lighting, minimal soft shadow, high-end editorial food/product photography look. Shallow depth of field, tack-sharp focus on the food with a softly blurred background. Natural, fresh garnish exactly as described. No text, no logos, no hands, no plate labels, no watermarks. Photorealistic, professional restaurant menu photography, ultra-detailed, 2K quality.",2816x1536,ok (pre-existing)
Latte,Coffee,70,coffee/latte.png,"A premium editorial food photograph of Latte: smooth espresso blended with silky steamed milk A layered latte in a tall clear glass showing espresso, milk and a light foam cap, a few coffee beans scattered beside. Served in a tall clear glass, resting on a small round wooden coaster. Bright, premium, LIGHT and WHITE studio background: clean white seamless backdrop, soft even studio lighting, minimal soft shadow, high-end editorial food/product photography look. Shallow depth of field, tack-sharp focus on the food with a softly blurred background. Natural, fresh garnish exactly as described. No text, no logos, no hands, no plate labels, no watermarks. Photorealistic, professional restaurant menu photography, ultra-detailed, 2K quality.",2816x1536,ok (pre-existing)
Espresso,Coffee,55,coffee/espresso.png,"A premium editorial food photograph of Espresso: rich and intense single-shot coffee A small shot of dark espresso with a thin golden crema layer on top, a few coffee beans scattered beside the cup. Served in a light speckled ceramic cup and saucer. Bright, premium, LIGHT and WHITE studio background: clean white seamless backdrop, soft even studio lighting, minimal soft shadow, high-end editorial food/product photography look. Shallow depth of field, tack-sharp focus on the food with a softly blurred background. Natural, fresh garnish exactly as described. No text, no logos, no hands, no plate labels, no watermarks. Photorealistic, professional restaurant menu photography, ultra-detailed, 2K quality.",2816x1536,ok (pre-existing)
Americano,Coffee,65,coffee/americano.png,"A premium editorial food photograph of Americano: espresso balanced with hot water for a smooth finish A cup of dark americano coffee with a thin crema swirl on the surface, a few coffee beans scattered beside the cup. Served in a light speckled ceramic cup and saucer. Bright, premium, LIGHT and WHITE studio background: clean white seamless backdrop, soft even studio lighting, minimal soft shadow, high-end editorial food/product photography look. Shallow depth of field, tack-sharp focus on the food with a softly blurred background. Natural, fresh garnish exactly as described. No text, no logos, no hands, no plate labels, no watermarks. Photorealistic, professional restaurant menu photography, ultra-detailed, 2K quality.",2816x1536,ok (pre-existing)
Orange Juice,"Juices, Smoothies & Iced Tea",95,juices-smoothies-iced-tea/orange-juice.png,"A premium editorial food photograph of Orange Juice: fresh-squeezed orange juice Vivid orange fresh juice, garnished with an orange wedge on the rim, condensation on the glass. Served in a tall clear glass, resting on a small round wooden coaster. Bright, premium, LIGHT and WHITE studio background: clean white seamless backdrop, soft even studio lighting, minimal soft shadow, high-end editorial food/product photography look. Shallow depth of field, tack-sharp focus on the food with a softly blurred background. Natural, fresh garnish exactly as described. No text, no logos, no hands, no plate labels, no watermarks. Photorealistic, professional restaurant menu photography, ultra-detailed, 2K quality.",2816x1536,ok (pre-existing)
Watermelon Juice,"Juices, Smoothies & Iced Tea",95,juices-smoothies-iced-tea/watermelon-juice.png,"A premium editorial food photograph of Watermelon Juice: fresh watermelon juice Vivid pink-red watermelon juice, garnished with a small watermelon wedge on the rim, condensation on the glass. Served in a tall clear glass, resting on a small round wooden coaster. Bright, premium, LIGHT and WHITE studio background: clean white seamless backdrop, soft even studio lighting, minimal soft shadow, high-end editorial food/product photography look. Shallow depth of field, tack-sharp focus on the food with a softly blurred background. Natural, fresh garnish exactly as described. No text, no logos, no hands, no plate labels, no watermarks. Photorealistic, professional restaurant menu photography, ultra-detailed, 2K quality.",2816x1536,ok (pre-existing)
Pineapple Juice,"Juices, Smoothies & Iced Tea",95,juices-smoothies-iced-tea/pineapple-juice.png,"A premium editorial food photograph of Pineapple Juice: fresh pineapple juice Golden-yellow pineapple juice, garnished with a pineapple wedge and leaf on the rim, condensation on the glass. Served in a tall clear glass, resting on a small round wooden coaster. Bright, premium, LIGHT and WHITE studio background: clean white seamless backdrop, soft even studio lighting, minimal soft shadow, high-end editorial food/product photography look. Shallow depth of field, tack-sharp focus on the food with a softly blurred background. Natural, fresh garnish exactly as described. No text, no logos, no hands, no plate labels, no watermarks. Photorealistic, professional restaurant menu photography, ultra-detailed, 2K quality.",2816x1536,ok (pre-existing)
Mixed Fruit Juice,"Juices, Smoothies & Iced Tea",95,juices-smoothies-iced-tea/mixed-fruit-juice.png,"A premium editorial food photograph of Mixed Fruit Juice: fresh mixed fruit juice Vivid orange-red mixed fruit juice, garnished with an apple slice and mint sprig, condensation on the glass. Served in a tall clear glass, resting on a small round wooden coaster. Bright, premium, LIGHT and WHITE studio background: clean white seamless backdrop, soft even studio lighting, minimal soft shadow, high-end editorial food/product photography look. Shallow depth of field, tack-sharp focus on the food with a softly blurred background. Natural, fresh garnish exactly as described. No text, no logos, no hands, no plate labels, no watermarks. Photorealistic, professional restaurant menu photography, ultra-detailed, 2K quality.",2816x1536,ok (pre-existing)
Lemon Iced Tea,"Juices, Smoothies & Iced Tea",80,juices-smoothies-iced-tea/lemon-iced-tea.png,"A premium editorial food photograph of Lemon Iced Tea: chilled lemon iced tea Amber iced tea over ice cubes, garnished with fresh lemon slices and a mint sprig. Served in a clear glass mason jar with a handle, filled with ice. Bright, premium, LIGHT and WHITE studio background: clean white seamless backdrop, soft even studio lighting, minimal soft shadow, high-end editorial food/product photography look. Shallow depth of field, tack-sharp focus on the food with a softly blurred background. Natural, fresh garnish exactly as described. No text, no logos, no hands, no plate labels, no watermarks. Photorealistic, professional restaurant menu photography, ultra-detailed, 2K quality.",2816x1536,ok (pre-existing)
Peach Iced Tea,"Juices, Smoothies & Iced Tea",80,juices-smoothies-iced-tea/peach-iced-tea.png,"A premium editorial food photograph of Peach Iced Tea: chilled peach iced tea Amber iced tea over ice cubes, garnished with fresh peach slices and a mint sprig. Served in a clear glass mason jar with a handle, filled with ice. Bright, premium, LIGHT and WHITE studio background: clean white seamless backdrop, soft even studio lighting, minimal soft shadow, high-end editorial food/product photography look. Shallow depth of field, tack-sharp focus on the food with a softly blurred background. Natural, fresh garnish exactly as described. No text, no logos, no hands, no plate labels, no watermarks. Photorealistic, professional restaurant menu photography, ultra-detailed, 2K quality.",2816x1536,ok (pre-existing)
Mango Magic Smoothie,"Juices, Smoothies & Iced Tea",110,juices-smoothies-iced-tea/mango-magic-smoothie.png,"A premium editorial food photograph of Mango Magic Smoothie: mango, yogurt, honey and a touch of vanilla A thick bright orange mango smoothie topped with a small diced mango garnish. Served in a tall clear glass, resting on a small round wooden coaster. Bright, premium, LIGHT and WHITE studio background: clean white seamless backdrop, soft even studio lighting, minimal soft shadow, high-end editorial food/product photography look. Shallow depth of field, tack-sharp focus on the food with a softly blurred background. Natural, fresh garnish exactly as described. No text, no logos, no hands, no plate labels, no watermarks. Photorealistic, professional restaurant menu photography, ultra-detailed, 2K quality.",2816x1536,ok (pre-existing)
Berry Bliss Smoothie,"Juices, Smoothies & Iced Tea",110,juices-smoothies-iced-tea/berry-bliss-smoothie.png,"A premium editorial food photograph of Berry Bliss Smoothie: mixed berries, yogurt, honey and apple juice A thick vivid purple-pink berry smoothie topped with fresh blueberries and raspberries. Served in a tall clear glass, resting on a small round wooden coaster. Bright, premium, LIGHT and WHITE studio background: clean white seamless backdrop, soft even studio lighting, minimal soft shadow, high-end editorial food/product photography look. Shallow depth of field, tack-sharp focus on the food with a softly blurred background. Natural, fresh garnish exactly as described. No text, no logos, no hands, no plate labels, no watermarks. Photorealistic, professional restaurant menu photography, ultra-detailed, 2K quality.",2816x1536,ok (pre-existing)
Chocolate Mocha Smoothie,"Juices, Smoothies & Iced Tea",110,juices-smoothies-iced-tea/chocolate-mocha-smoothie.png,"A premium editorial food photograph of Chocolate Mocha Smoothie: chocolate, coffee, banana, milk and cocoa powder A thick rich brown chocolate-coffee smoothie topped with chocolate shavings, served in the exact same tall straight-sided clear highball glass shape as the other smoothies — no footed glass, no stemmed glass, no short parfait glass, just a plain tall straight glass. Served in a tall clear glass, resting on a small round wooden coaster. Bright, premium, LIGHT and WHITE studio background: clean white seamless backdrop, soft even studio lighting, minimal soft shadow, high-end editorial food/product photography look. Shallow depth of field, tack-sharp focus on the food with a softly blurred background. Natural, fresh garnish exactly as described. No text, no logos, no hands, no plate labels, no watermarks. Photorealistic, professional restaurant menu photography, ultra-detailed, 2K quality.",2816x1536,ok
Strawberry Delight Smoothie,"Juices, Smoothies & Iced Tea",110,juices-smoothies-iced-tea/strawberry-delight-smoothie.png,"A premium editorial food photograph of Strawberry Delight Smoothie: strawberry, yogurt, banana and a touch of honey A thick vivid pink strawberry smoothie topped with a fresh strawberry half. Served in a tall clear glass, resting on a small round wooden coaster. Bright, premium, LIGHT and WHITE studio background: clean white seamless backdrop, soft even studio lighting, minimal soft shadow, high-end editorial food/product photography look. Shallow depth of field, tack-sharp focus on the food with a softly blurred background. Natural, fresh garnish exactly as described. No text, no logos, no hands, no plate labels, no watermarks. Photorealistic, professional restaurant menu photography, ultra-detailed, 2K quality.",2816x1536,ok (pre-existing)
Gulab Jamun with Vanilla Ice Cream,Desserts,90,desserts/gulab-jamun-with-vanilla-ice-cream.png,"A premium editorial food photograph of Gulab Jamun with Vanilla Ice Cream: soft milk dumplings soaked in saffron syrup, served with creamy vanilla ice cream Two glossy deep-brown gulab jamun dumplings soaked in golden saffron syrup, nestled beside a scoop of creamy vanilla ice cream, garnished with chopped pistachios and a few saffron strands, syrup pooling gently in the base of the glass. Served in a polished copper martini glass: a wide tapered conical bowl at the top, connected by a clearly visible slender copper STEM (the stem is a mandatory, prominent part of the glass — do not omit it or show the bowl sitting directly on the table) down to a round copper foot/base, exactly like a classic martini glass shape but in polished copper. Bright, premium, LIGHT and WHITE studio background: clean white seamless backdrop, soft even studio lighting, minimal soft shadow, high-end editorial food/product photography look. Shallow depth of field, tack-sharp focus on the food with a softly blurred background. Natural, fresh garnish exactly as described. No text, no logos, no hands, no plate labels, no watermarks. Photorealistic, professional restaurant menu photography, ultra-detailed, 2K quality.",2816x1536,ok (pre-existing)
Ice Cream (Vanilla),Desserts,60,desserts/ice-cream-vanilla.png,"A premium editorial food photograph of Ice Cream (Vanilla): classic vanilla ice cream served chilled A single neat scoop of creamy white vanilla ice cream, garnished with a small mint leaf. Served in a small light matte ceramic bowl. Bright, premium, LIGHT and WHITE studio background: clean white seamless backdrop, soft even studio lighting, minimal soft shadow, high-end editorial food/product photography look. Shallow depth of field, tack-sharp focus on the food with a softly blurred background. Natural, fresh garnish exactly as described. No text, no logos, no hands, no plate labels, no watermarks. Photorealistic, professional restaurant menu photography, ultra-detailed, 2K quality.",2816x1536,ok (pre-existing)
Ice Cream (Chocolate),Desserts,60,desserts/ice-cream-chocolate.png,"A premium editorial food photograph of Ice Cream (Chocolate): classic chocolate ice cream served chilled A single neat scoop of rich dark chocolate ice cream, garnished with chocolate shavings. Served in a small light matte ceramic bowl. Bright, premium, LIGHT and WHITE studio background: clean white seamless backdrop, soft even studio lighting, minimal soft shadow, high-end editorial food/product photography look. Shallow depth of field, tack-sharp focus on the food with a softly blurred background. Natural, fresh garnish exactly as described. No text, no logos, no hands, no plate labels, no watermarks. Photorealistic, professional restaurant menu photography, ultra-detailed, 2K quality.",2816x1536,ok (pre-existing)
Kheer,Desserts,90,desserts/kheer.png,"A premium editorial food photograph of Kheer: creamy rice pudding slow-cooked with milk, garnished with nuts and saffron Creamy pale rice pudding topped with slivered almonds, pistachios and a few saffron strands. Served in a small light matte ceramic bowl. Bright, premium, LIGHT and WHITE studio background: clean white seamless backdrop, soft even studio lighting, minimal soft shadow, high-end editorial food/product photography look. Shallow depth of field, tack-sharp focus on the food with a softly blurred background. Natural, fresh garnish exactly as described. No text, no logos, no hands, no plate labels, no watermarks. Photorealistic, professional restaurant menu photography, ultra-detailed, 2K quality.",2816x1536,ok (pre-existing)
Gajar Halwa,Desserts,110,desserts/gajar-halwa.png,"A premium editorial food photograph of Gajar Halwa: classic carrot pudding cooked with milk, garnished with nuts A generous, large portion mounded high and filling the bowl completely: rich glossy orange-red carrot pudding topped with slivered almonds and pistachios. Served in a small light matte ceramic bowl. Bright, premium, LIGHT and WHITE studio background: clean white seamless backdrop, soft even studio lighting, minimal soft shadow, high-end editorial food/product photography look. Shallow depth of field, tack-sharp focus on the food with a softly blurred background. Natural, fresh garnish exactly as described. No text, no logos, no hands, no plate labels, no watermarks. Photorealistic, professional restaurant menu photography, ultra-detailed, 2K quality.",2816x1536,ok
